{
  "version": "screen_gaze_logreg_v1",
  "feature_names": [
    "nose_left_delta",
    "nose_right_delta",
    "ratio_delta",
    "left_eye_open_delta",
    "right_eye_open_delta",
    "left_gaze_x_delta",
    "right_gaze_x_delta",
    "left_gaze_y_delta",
    "right_gaze_y_delta",
    "mouth_open_delta",
    "avg_gaze_x_delta",
    "avg_gaze_y_delta",
    "gaze_x_skew",
    "gaze_y_skew",
    "eye_open_avg_delta",
    "eye_open_diff_delta",
    "horizontal_magnitude",
    "vertical_magnitude",
    "combined_screen_distance"
  ],
  "class_names": [
    "away",
    "bottom_center_non_text",
    "bottom_left_non_text",
    "bottom_right_non_text",
    "left_non_text",
    "right_non_text",
    "text_area",
    "top_center_non_text",
    "top_left_non_text",
    "top_right_non_text"
  ],
  "reference_raw_features": {
    "face_count": 1.0,
    "nose_left": 0.8467233180999756,
    "nose_right": 0.9005329608917236,
    "ratio": 0.5306005477905273,
    "left_eye_open_ratio": 0.17856499552726746,
    "right_eye_open_ratio": 0.17826798558235168,
    "left_gaze_x": 0.469970166683197,
    "right_gaze_x": 0.5353955030441284,
    "left_gaze_y": 0.4454355239868164,
    "right_gaze_y": 0.47132572531700134,
    "mouth_open_ratio": 0.024859987199306488
  },
  "scaler": {
    "mean": [
      -0.01155596086755395,
      -0.007460316643118858,
      -0.010996436700224876,
      -0.0015670459542889148,
      -0.0024503775930497795,
      0.00012357381638139486,
      0.0036707118852064013,
      0.007449072785675526,
      -3.5651028156280518e-06,
      0.00969913867811556,
      0.001897142850793898,
      0.0037227539578452706,
      -0.0035471380688250065,
      0.007452637888491154,
      -0.0020087117882212624,
      0.0008833316387608647,
      0.14951038746585255,
      0.029266152763739228,
      0.06005516558502677
    ],
    "scale": [
      0.24938325963197752,
      0.18359400118627975,
      0.22897615002855495,
      0.02813999526059251,
      0.023379180104385104,
      0.0958053076402884,
      0.09154795181124473,
      0.05399540540229136,
      0.05490791362743877,
      0.0295407088747485,
      0.09032676052381433,
      0.05064685898562456,
      0.049836474026460235,
      0.04000435309091403,
      0.022878312577854686,
      0.024149990625616402,
      0.19251001472670312,
      0.04150247612552621,
      0.08446811904252272
    ]
  },
  "model": {
    "coef": [
      [
        -0.6770136091717366,
        -0.9941299441906126,
        0.3532673182415897,
        -0.07933584456502021,
        -0.45947622958632905,
        0.12279824990015736,
        -0.2558369122086703,
        0.8100743383833761,
        -0.0734287444289891,
        0.7777569925512284,
        -0.06452475767773147,
        0.39201319166242726,
        0.706030326328449,
        1.194172795779342,
        -0.28355869736971134,
        0.3523673270929109,
        3.837411666485578,
        1.246825802366616,
        2.978162656764108
      ],
      [
        0.4089882009290055,
        -1.0006998200883572,
        -0.1341360489142977,
        -1.2637667133279502,
        -0.7345626879031845,
        0.0030424876032286168,
        -0.6874732365268729,
        -0.047643559316345646,
        0.8496398260651717,
        -0.54646677222552,
        -0.34677040587263314,
        0.4351643254265209,
        1.2687143144920756,
        -1.230478228983468,
        -1.1525294930633487,
        -0.7614460885681672,
        -1.5533788386069074,
        -0.10701367258278353,
        -0.9323992926341546
      ],
      [
        0.5010362459551392,
        0.5775950956762964,
        1.333091395475951,
        -1.1005153236979155,
        -0.8750372831586952,
        0.8715587976474832,
        0.9394254130506603,
        -0.1874141174228221,
        -0.5120780122099539,
        0.5094814939958301,
        0.9382736472769643,
        -0.37748278097249677,
        -0.050214358003499375,
        0.44989183805883043,
        -1.1239059272874294,
        -0.4352316101935002,
        -0.0840530276772147,
        -0.014879707559909588,
        0.21104415088449352
      ],
      [
        0.7847367864743228,
        2.6107350727891117,
        -1.270325302843015,
        -1.0434206016165413,
        -0.9972711128236412,
        -0.4427655630345804,
        -0.5067678538594129,
        -0.29954088735092715,
        -0.23879898454723897,
        -0.22538295500717886,
        -0.49161984318359186,
        -0.2891174202993195,
        0.07974620369867758,
        -0.07653865920892844,
        -1.1512481609479266,
        -0.2503713412539139,
        0.6231072836786444,
        0.028192485761712443,
        -0.003306006800785906
      ],
      [
        0.8754980208630795,
        -1.3952369850193622,
        0.4033099568304013,
        0.11889807413013545,
        -0.7189236684563509,
        0.513691659805653,
        0.5373531001601136,
        1.0208290164206621,
        -0.15996521019181034,
        0.13661794179718095,
        0.5447331379969327,
        0.4574491035375301,
        0.00041763613105206995,
        1.5974120325047871,
        -0.2942100693148155,
        0.8345194186580926,
        0.13459725730775132,
        -0.38817268669894567,
        -0.21086649097548074
      ],
      [
        -1.3598289027837351,
        1.1871342746154838,
        -1.3091366704083998,
        0.09495047096950034,
        1.109664542739631,
        0.4446304086255271,
        0.17636884370257244,
        -1.1130548615175375,
        -0.20149641970715382,
        -0.6423441271874827,
        0.3251758196870627,
        -0.7025470354022022,
        0.5307707859641394,
        -1.2257690057393322,
        0.6253728299345647,
        -0.9636088218002522,
        0.73507124981052,
        0.7789001022869247,
        -0.19820696862808762
      ],
      [
        0.7300119260708428,
        0.23445041149402007,
        0.7946850472826429,
        0.18371575510026547,
        -0.4669299610060624,
        -0.5599444935082742,
        -0.5252554053512276,
        -0.42429002722313647,
        0.3046326954494961,
        0.2145950070363173,
        -0.5631315868207909,
        -0.06103999212566294,
        -0.1115567835293495,
        -0.9908035747890851,
        -0.12559242447545632,
        0.6660954404937637,
        -1.7483219211375756,
        -0.7317357203501048,
        -0.5213107603242108
      ],
      [
        -0.8452431935360653,
        -0.9038606149445836,
        0.07076082855508756,
        1.378350171319102,
        1.0851731491199956,
        -0.49870621109811064,
        0.09651845760768125,
        -0.2578535532614547,
        -0.16051424676751497,
        -0.3984326466600562,
        -0.21556537215510116,
        -0.22446023340070734,
        -1.1360107794099115,
        -0.12772126223187782,
        1.4021407449653849,
        0.5555409992528032,
        -2.2897143313412696,
        -0.33999652743698894,
        -0.7721562057128606
      ],
      [
        1.035156854044806,
        -0.9430690236923798,
        0.4199817965331881,
        1.3763709081789335,
        1.4057779573060982,
        0.13701916341065357,
        0.25094777265472495,
        -0.16696880766651614,
        -0.7117968941495278,
        0.6213080066782053,
        0.19983520476747976,
        -0.474845164477146,
        -0.19757812142221623,
        0.7516116280067447,
        1.5647353445385885,
        0.24286271493283398,
        -0.06994209128990413,
        0.2641970429959086,
        -0.08347570950301456
      ],
      [
        -1.4533423288456568,
        0.6270815333603827,
        -0.661498320753149,
        0.334753103509489,
        0.6515852937685362,
        -0.5913244993517368,
        -0.025280179229568184,
        0.6658624589547014,
        0.9038059904875201,
        -0.4471329409785257,
        -0.3264058440185908,
        0.844866006051056,
        -1.090319224249417,
        -0.3417775633970119,
        0.5387958530201495,
        -0.2407280386145705,
        0.4152227527703773,
