{
  "roc_auc": 1.0,
  "precision@0.5": 0.967741935483871,
  "recall@0.5": 1.0,
  "f1@0.5": 0.9836065573770492,
  "rows_train": 456,
  "rows_test": 120
}