{
  "metrics": {
    "binary_screen_vs_offscreen_accuracy": 0.8741721854304636,
    "binary_screen_vs_offscreen_f1": 0.8592592592592593,
    "rows_total": 872,
    "rows_train": 721,
    "rows_test": 151,
    "group_train": 223,
    "group_test": 56,
    "class_counts": {
      "offscreen_up": 133,
      "offscreen_down": 126,
      "head_up_screen_center": 109,
      "head_down_screen_center": 101,
      "head_straight_screen_center": 76,
      "offscreen_left": 69,
      "head_left_screen_center": 54,
      "head_right_screen_center": 53,
      "offscreen_right": 52,
      "head_right_screen_top_left": 50,
      "head_left_screen_top_right": 49
    },
    "feature_count": 36,
    "model_type": "RandomForestClassifier",
    "split_type": "GroupShuffleSplit by source_path"
  },
  "binary_confusion_matrix": [
    [
      74,
      18
    ],
    [
      1,
      58
    ]
  ],
  "classification_report": {
    "0": {
      "precision": 0.9866666666666667,
      "recall": 0.8043478260869565,
      "f1-score": 0.8862275449101796,
      "support": 92.0
    },
    "1": {
      "precision": 0.7631578947368421,
      "recall": 0.9830508474576272,
      "f1-score": 0.8592592592592593,
      "support": 59.0
    },
    "accuracy": 0.8741721854304636,
    "macro avg": {
      "precision": 0.8749122807017544,
      "recall": 0.8936993367722919,
      "f1-score": 0.8727434020847195,
      "support": 151.0
    },
    "weighted avg": {
      "precision": 0.8993354246543511,
      "recall": 0.8741721854304636,
      "f1-score": 0.8756902677353167,
      "support": 151.0
    }
  },
  "feature_importance": {
    "f00": 0.017367046593857054,
    "f01": 0.018133207902691906,
    "f02": 0.01625059986814024,
    "f03": 0.04333839374515719,
    "f04": 0.03754632909726796,
    "f05": 0.029036791511031775,
    "f06": 0.017060080393284757,
    "f07": 0.011221449668244326,
    "f08": 0.014447658000516674,
    "f09": 0.009832016386178564,
    "f10": 0.022536450404271234,
    "f11": 0.0169019951155637,
    "f12": 0.026614613075193607,
    "f13": 0.020903381876262665,
    "f14": 0.01704465917685128,
    "f15": 0.015428693640273819,
    "f16": 0.008335810576581575,
    "f17": 0.015536244538007851,
    "f18": 0.0340374749014709,
    "f19": 0.1586482108799137,
    "f20": 0.03187632525172665,
    "f21": 0.04382379058474232,
    "f22": 0.01995642448485224,
    "f23": 0.03983357751811385,
    "f24": 0.012081150354546322,
    "f25": 0.02846840086746118,
    "f26": 0.016157240797111918,
    "f27": 0.020359450270321905,
    "f28": 0.03717837355861763,
    "f29": 0.026683372126105942,
    "f30": 0.01947344902330735,
    "f31": 0.016799306242594875,
    "f32": 0.03723184544338004,
    "f33": 0.03182714753280696,
    "f34": 0.044328853121022534,
    "f35": 0.023700185472527547
  }
}