{
  "metrics": {
    "binary_screen_vs_offscreen_accuracy": 0.9681528662420382,
    "binary_screen_vs_offscreen_f1": 0.9723756906077348,
    "rows_total": 586,
    "rows_train": 429,
    "rows_test": 157,
    "group_train": 169,
    "group_test": 43,
    "class_counts": {
      "offscreen_up": 116,
      "head_up_screen_center": 90,
      "head_down_screen_center": 76,
      "offscreen_down": 75,
      "head_straight_screen_center": 52,
      "offscreen_left": 43,
      "head_left_screen_center": 30,
      "head_right_screen_center": 28,
      "head_right_screen_top_left": 27,
      "offscreen_right": 25,
      "head_left_screen_top_right": 24
    },
    "feature_count": 36,
    "model_type": "RandomForestClassifier",
    "split_type": "GroupShuffleSplit by source_path"
  },
  "binary_confusion_matrix": [
    [
      64,
      3
    ],
    [
      2,
      88
    ]
  ],
  "classification_report": {
    "0": {
      "precision": 0.9696969696969697,
      "recall": 0.9552238805970149,
      "f1-score": 0.9624060150375939,
      "support": 67.0
    },
    "1": {
      "precision": 0.967032967032967,
      "recall": 0.9777777777777777,
      "f1-score": 0.9723756906077348,
      "support": 90.0
    },
    "accuracy": 0.9681528662420382,
    "macro avg": {
      "precision": 0.9683649683649684,
      "recall": 0.9665008291873963,
      "f1-score": 0.9673908528226643,
      "support": 157.0
    },
    "weighted avg": {
      "precision": 0.9681698344118727,
      "recall": 0.9681528662420382,
      "f1-score": 0.9681211156828975,
      "support": 157.0
    }
  },
  "feature_importance": {
    "f00": 0.028004449844576434,
    "f01": 0.021085046493631972,
    "f02": 0.01569063533058248,
    "f03": 0.056135052555718774,
    "f04": 0.015760246791089238,
    "f05": 0.018527417922944815,
    "f06": 0.009011472202684855,
    "f07": 0.011283451758338033,
    "f08": 0.016345276363416754,
    "f09": 0.003874233968939039,
    "f10": 0.016235299524580006,
    "f11": 0.03759599432209514,
    "f12": 0.024964215140717894,
    "f13": 0.012310627094729598,
    "f14": 0.012830374621065016,
    "f15": 0.014175287231586241,
    "f16": 0.006925110457186812,
    "f17": 0.021625790408835114,
    "f18": 0.028609372310624197,
    "f19": 0.16133229414641445,
    "f20": 0.015709624815009683,
    "f21": 0.03474894126127593,
    "f22": 0.021549686671348593,
    "f23": 0.027061392380546934,
    "f24": 0.012168386915762983,
    "f25": 0.01773603181007346,
    "f26": 0.006880563944324209,
    "f27": 0.03144187575028837,
    "f28": 0.015393312704149327,
    "f29": 0.03808707505230115,
    "f30": 0.018959671310302937,
    "f31": 0.056378698879623296,
    "f32": 0.05706541308507392,
    "f33": 0.04381752871374736,
    "f34": 0.04271046686597551,
    "f35": 0.027969681350439514
  }
}