{
  "metrics": {
    "binary_screen_vs_offscreen_accuracy": 0.3137254901960784,
    "binary_screen_vs_offscreen_f1": 0.2222222222222222,
    "classical_weight": 0.55,
    "pytorch_weight": 0.45,
    "threshold": 0.5,
    "classical_bundle": "D:\\Lenovo\\certora\\data\\proctoring\\models\\head_eye_screen_v2\\head_eye_screen_bundle_v2.before_new_person.joblib",
    "pytorch_model": "D:\\Lenovo\\certora\\data\\proctoring\\models\\eye_gaze_pytorch_v4\\eye_gaze_pytorch_model.pt"
  },
  "binary_confusion_matrix": [
    [
      11,
      35
    ],
    [
      0,
      5
    ]
  ],
  "classification_report": {
    "0": {
      "precision": 1.0,
      "recall": 0.2391304347826087,
      "f1-score": 0.38596491228070173,
      "support": 46.0
    },
    "1": {
      "precision": 0.125,
      "recall": 1.0,
      "f1-score": 0.2222222222222222,
      "support": 5.0
    },
    "accuracy": 0.3137254901960784,
    "macro avg": {
      "precision": 0.5625,
      "recall": 0.6195652173913043,
      "f1-score": 0.30409356725146197,
      "support": 51.0
    },
    "weighted avg": {
      "precision": 0.9142156862745098,
      "recall": 0.3137254901960784,
      "f1-score": 0.36991170737300766,
      "support": 51.0
    }
  }
}