{
  "summary": {
    "rows_evaluated": 124,
    "weight_values": [
      0.3,
      0.35,
      0.4,
      0.45,
      0.5,
      0.55,
      0.6,
      0.65,
      0.7,
      0.75,
      0.8
    ],
    "threshold_values": [
      0.4,
      0.425,
      0.45,
      0.475,
      0.5,
      0.525,
      0.55,
      0.575,
      0.6
    ],
    "classical_bundle": "D:\\Lenovo\\certora\\data\\proctoring\\models\\head_eye_screen_v2\\head_eye_screen_bundle_v2.before_new_person.joblib",
    "pytorch_model": "D:\\Lenovo\\certora\\data\\proctoring\\models\\eye_gaze_pytorch_v5\\eye_gaze_pytorch_model.pt",
    "best_result": {
      "classical_weight": 0.4,
      "pytorch_weight": 0.6,
      "threshold": 0.4,
      "accuracy": 0.9596774193548387,
      "f1": 0.9710982658959537,
      "macro_f1": 0.9522157996146435,
      "offscreen_recall": 0.9722222222222222,
      "confusion_matrix": [
        [
          35,
          1
        ],
        [
          4,
          84
        ]
      ],
      "classification_report": {
        "0": {
          "precision": 0.8974358974358975,
          "recall": 0.9722222222222222,
          "f1-score": 0.9333333333333333,
          "support": 36.0
        },
        "1": {
          "precision": 0.9882352941176471,
          "recall": 0.9545454545454546,
          "f1-score": 0.9710982658959537,
          "support": 88.0
        },
        "accuracy": 0.9596774193548387,
        "macro avg": {
          "precision": 0.9428355957767722,
          "recall": 0.9633838383838385,
          "f1-score": 0.9522157996146435,
          "support": 124.0
        },
        "weighted avg": {
          "precision": 0.9618741789519778,
          "recall": 0.9596774193548387,
          "f1-score": 0.9601342532164833,
          "support": 124.0
        }
      }
    }
  },
  "top_results": [
    {
      "classical_weight": 0.4,
      "pytorch_weight": 0.6,
      "threshold": 0.4,
      "accuracy": 0.9596774193548387,
      "f1": 0.9710982658959537,
      "macro_f1": 0.9522157996146435,
      "offscreen_recall": 0.9722222222222222,
      "confusion_matrix": [
        [
          35,
          1
        ],
        [
          4,
          84
        ]
      ],
      "classification_report": {
        "0": {
          "precision": 0.8974358974358975,
          "recall": 0.9722222222222222,
          "f1-score": 0.9333333333333333,
          "support": 36.0
        },
        "1": {
          "precision": 0.9882352941176471,
          "recall": 0.9545454545454546,
          "f1-score": 0.9710982658959537,
          "support": 88.0
        },
        "accuracy": 0.9596774193548387,
        "macro avg": {
          "precision": 0.9428355957767722,
          "recall": 0.9633838383838385,
          "f1-score": 0.9522157996146435,
          "support": 124.0
        },
        "weighted avg": {
          "precision": 0.9618741789519778,
          "recall": 0.9596774193548387,
          "f1-score": 0.9601342532164833,
          "support": 124.0
        }
      }
    },
    {
      "classical_weight": 0.45,
      "pytorch_weight": 0.55,
      "threshold": 0.4,
      "accuracy": 0.9596774193548387,
      "f1": 0.9710982658959537,
      "macro_f1": 0.9522157996146435,
      "offscreen_recall": 0.9722222222222222,
      "confusion_matrix": [
        [
          35,
          1
        ],
        [
          4,
          84
        ]
      ],
      "classification_report": {
        "0": {
          "precision": 0.8974358974358975,
          "recall": 0.9722222222222222,
          "f1-score": 0.9333333333333333,
          "support": 36.0
        },
        "1": {
          "precision": 0.9882352941176471,
          "recall": 0.9545454545454546,
          "f1-score": 0.9710982658959537,
          "support": 88.0
        },
        "accuracy": 0.9596774193548387,
        "macro avg": {
          "precision": 0.9428355957767722,
          "recall": 0.9633838383838385,
          "f1-score": 0.9522157996146435,
          "support": 124.0
        },
        "weighted avg": {
          "precision": 0.9618741789519778,
          "recall": 0.9596774193548387,
          "f1-score": 0.9601342532164833,
          "support": 124.0
        }
      }
    },
    {
      "classical_weight": 0.45,
      "pytorch_weight": 0.55,
      "threshold": 0.425,
      "accuracy": 0.9596774193548387,
      "f1": 0.9710982658959537,
      "macro_f1": 0.9522157996146435,
      "offscreen_recall": 0.9722222222222222,
      "confusion_matrix": [
        [
          35,
          1
        ],
        [
          4,
          84
        ]
      ],
      "classification_report": {
        "0": {
          "precision": 0.8974358974358975,
          "recall": 0.9722222222222222,
          "f1-score": 0.9333333333333333,
          "support": 36.0
        },
        "1": {
          "precision": 0.9882352941176471,
          "recall": 0.9545454545454546,
          "f1-score": 0.9710982658959537,
          "support": 88.0
        },
        "accuracy": 0.9596774193548387,
        "macro avg": {
          "precision": 0.9428355957767722,
          "recall": 0.9633838383838385,
          "f1-score": 0.9522157996146435,
          "support": 124.0
        },
        "weighted avg": {
          "precision": 0.9618741789519778,
          "recall": 0.9596774193548387,
          "f1-score": 0.9601342532164833,
          "support": 124.0
        }
      }
    },
    {
      "classical_weight": 0.45,
      "pytorch_weight": 0.55,
      "threshold": 0.45,
      "accuracy": 0.9596774193548387,
      "f1": 0.9710982658959537,
      "macro_f1": 0.9522157996146435,
      "offscreen_recall": 0.9722222222222222,
      "confusion_matrix": [
        [
          35,
          1
        ],
        [
          4,
          84
        ]
      ],
      "classification_report": {
        "0": {
          "precision": 0.8974358974358975,
          "recall": 0.9722222222222222,
          "f1-score": 0.9333333333333333,
          "support": 36.0
        },
        "1": {
          "precision": 0.9882352941176471,
          "recall": 0.9545454545454546,
          "f1-score": 0.9710982658959537,
          "support": 88.0
        },
        "accuracy": 0.9596774193548387,
        "macro avg": {
          "precision": 0.9428355957767722,
          "recall": 0.9633838383838385,
          "f1-score": 0.9522157996146435,
          "support": 124.0
        },
        "weighted avg": {
          "precision": 0.9618741789519778,
          "recall": 0.9596774193548387,
          "f1-score": 0.9601342532164833,
          "support": 124.0
        }
      }
    },
    {
      "classical_weight": 0.5,
      "pytorch_weight": 0.5,
      "threshold": 0.4,
      "accuracy": 0.9596774193548387,
      "f1": 0.9710982658959537,
      "macro_f1": 0.9522157996146435,
      "offscreen_recall": 0.9722222222222222,
      "confusion_matrix": [
        [
          35,
          1
        ],
        [
          4,
          84
        ]
      ],
      "classification_report": {
        "0": {
          "precision": 0.8974358974358975,
          "recall": 0.9722222222222222,
          "f1-score": 0.9333333333333333,
          "support": 36.0
        },
        "1": {
          "precision": 0.9882352941176471,
          "recall": 0.9545454545454546,
          "f1-score": 0.9710982658959537,
          "support": 88.0
        },
        "accuracy": 0.9596774193548387,
        "macro avg": {
          "precision": 0.9428355957767722,
          "recall": 0.9633838383838385,
          "f1-score": 0.9522157996146435,
          "support": 124.0
        },
        "weighted avg": {
          "precision": 0.9618741789519778,
          "recall": 0.9596774193548387,
          "f1-score": 0.9601342532164833,
          "support": 124.0
        }
      }
    },
    {
      "classical_weight": 0.5,
      "pytorch_weight": 0.5,
      "threshold": 0.425,
      "accuracy": 0.9596774193548387,
      "f1": 0.9710982658959537,
      "macro_f1": 0.9522157996146435,